epoch,train_loss,valid_loss,validation,targeted_validation,div_metric,fool_loss,time
0,8.894611,8.887960,0.573000,0.000000,771.500000,8.887959,04:53
1,8.560321,8.609086,0.645000,0.001000,469.500000,8.609087,04:33
2,7.993186,8.063255,0.770000,0.000000,398.250000,8.063254,04:48
3,7.954655,8.034769,0.772000,0.000000,275.750000,8.034766,04:46
4,7.928823,8.036970,0.771000,0.001000,269.250000,8.036969,04:45
5,7.916439,7.985957,0.765000,0.002000,266.750000,7.985956,04:49
6,7.892076,7.958603,0.781000,0.003000,255.500000,7.958604,04:48
7,7.841621,7.938444,0.782000,0.002000,260.500000,7.938445,04:46
8,7.800542,7.976393,0.776000,0.000000,292.000000,7.976393,04:45
9,7.873279,7.931120,0.778000,0.000000,347.250000,7.931119,04:42
10,7.876567,7.948938,0.794000,0.000000,341.250000,7.948939,04:36
11,7.812111,7.926092,0.785000,0.000000,294.000000,7.926091,04:40
12,7.792980,7.859052,0.774000,0.001000,367.000000,7.859051,04:38
13,7.774568,7.844949,0.776000,0.003000,325.750000,7.844949,04:43
14,7.775151,7.880069,0.783000,0.002000,395.250000,7.880070,04:37
15,7.764797,7.743018,0.775000,0.005000,375.250000,7.743018,04:26
16,7.701302,7.791835,0.773000,0.002000,406.000000,7.791834,04:25
17,7.743188,7.745324,0.785000,0.005000,340.500000,7.745325,04:26
18,7.652346,7.742134,0.761000,0.005000,376.750000,7.742134,04:26
19,7.619164,7.764850,0.782000,0.000000,358.000000,7.764850,04:27
20,7.623956,7.744939,0.761000,0.002000,406.250000,7.744938,04:26
21,7.667051,7.685503,0.780000,0.004000,408.250000,7.685503,04:29
22,7.646511,7.689993,0.771000,0.002000,397.250000,7.689993,04:43
23,7.663945,7.749860,0.782000,0.003000,421.750000,7.749860,04:53
24,7.593567,7.708641,0.778000,0.004000,421.750000,7.708640,04:51
25,7.560559,7.712855,0.776000,0.001000,402.750000,7.712853,04:52
26,7.551232,7.634838,0.780000,0.005000,397.750000,7.634837,04:53
27,7.534468,7.691191,0.776000,0.002000,414.750000,7.691193,04:51
28,7.485039,7.687804,0.775000,0.004000,376.000000,7.687804,04:35
29,7.583018,7.648526,0.776000,0.005000,434.500000,7.648527,04:27
30,7.577667,7.669560,0.771000,0.001000,406.500000,7.669559,04:28
31,7.528756,7.575013,0.772000,0.001000,405.750000,7.575013,04:27
32,7.530243,7.575404,0.776000,0.003000,395.000000,7.575404,04:30
33,7.472959,7.596754,0.776000,0.001000,384.500000,7.596755,04:38
34,7.451256,7.579192,0.774000,0.005000,424.250000,7.579191,04:38
35,7.495631,7.561285,0.774000,0.004000,371.500000,7.561286,04:40
36,7.466856,7.552512,0.769000,0.004000,381.250000,7.552511,04:37
37,7.511058,7.546874,0.771000,0.003000,407.750000,7.546875,04:38
38,7.510167,7.557122,0.781000,0.003000,450.750000,7.557123,04:39
39,7.483979,7.557721,0.785000,0.009000,432.500000,7.557720,04:39
40,7.468732,7.474397,0.772000,0.006000,417.000000,7.474397,04:40
41,7.437765,7.490451,0.776000,0.005000,378.750000,7.490451,04:41
42,7.403304,7.562421,0.788000,0.002000,358.000000,7.562421,04:37
43,7.413261,7.518589,0.773000,0.002000,401.750000,7.518589,04:30
44,7.472121,7.445059,0.772000,0.005000,409.000000,7.445058,04:27
45,7.408701,7.518457,0.781000,0.002000,437.250000,7.518457,04:40
46,7.388002,7.445977,0.771000,0.005000,381.500000,7.445976,04:39
47,7.385737,7.495024,0.776000,0.006000,386.250000,7.495025,04:43
48,7.345203,7.434123,0.775000,0.004000,452.250000,7.434123,04:48
49,7.341671,7.438469,0.779000,0.006000,406.250000,7.438468,04:42
50,7.390965,7.502910,0.784000,0.007000,393.000000,7.502909,04:36
51,7.367010,7.479726,0.775000,0.004000,413.500000,7.479724,04:26
52,7.348748,7.442404,0.772000,0.003000,393.000000,7.442402,04:27
53,7.389648,7.484695,0.767000,0.004000,397.000000,7.484694,04:28
54,7.335411,7.416915,0.775000,0.006000,405.250000,7.416915,04:28
55,7.392672,7.443285,0.777000,0.010000,417.000000,7.443285,04:27
56,7.276235,7.414074,0.771000,0.002000,400.750000,7.414075,04:27
57,7.336045,7.380866,0.767000,0.009000,444.250000,7.380866,04:28
58,7.330990,7.447840,0.770000,0.005000,397.000000,7.447840,04:29
59,7.261107,7.430158,0.782000,0.003000,387.500000,7.430159,04:40
60,7.335637,7.402565,0.765000,0.004000,412.500000,7.402566,04:30
61,7.181470,7.436540,0.782000,0.003000,387.000000,7.436538,04:39
62,7.278463,7.340001,0.780000,0.012000,418.750000,7.340000,04:39
63,7.248664,7.397449,0.774000,0.008000,391.000000,7.397449,04:39
64,7.239139,7.359933,0.766000,0.007000,383.250000,7.359933,04:36
65,7.287146,7.363628,0.781000,0.008000,415.000000,7.363628,04:39
66,7.252503,7.400973,0.773000,0.012000,406.750000,7.400972,04:38
67,7.303704,7.367171,0.764000,0.008000,388.500000,7.367173,04:39
68,7.222490,7.359797,0.770000,0.011000,409.750000,7.359797,04:37
69,7.276959,7.281439,0.771000,0.008000,378.000000,7.281440,04:40
70,7.259024,7.349695,0.772000,0.007000,462.750000,7.349695,04:41
71,7.241320,7.305304,0.777000,0.004000,397.500000,7.305303,04:40
72,7.205299,7.319577,0.774000,0.004000,400.250000,7.319577,04:39
73,7.240407,7.347865,0.773000,0.004000,390.500000,7.347865,04:38
74,7.185370,7.319109,0.783000,0.004000,383.750000,7.319109,04:39
75,7.273425,7.216627,0.768000,0.012000,383.000000,7.216626,04:38
76,7.146582,7.216856,0.783000,0.013000,430.750000,7.216856,04:40
77,7.197078,7.265545,0.775000,0.008000,390.000000,7.265545,04:40
78,7.174095,7.300392,0.786000,0.007000,393.500000,7.300393,04:39
79,7.202689,7.306166,0.772000,0.007000,444.000000,7.306167,04:42
80,7.135173,7.270920,0.766000,0.010000,397.250000,7.270922,04:40
81,7.194499,7.366457,0.768000,0.003000,446.500000,7.366457,04:39
82,7.211709,7.270897,0.774000,0.012000,433.500000,7.270897,04:30
83,7.188287,7.289911,0.776000,0.008000,415.500000,7.289912,04:41
84,7.203419,7.285317,0.777000,0.012000,489.250000,7.285318,04:42
85,7.126018,7.257598,0.783000,0.012000,484.000000,7.257598,04:43
86,7.112446,7.283968,0.774000,0.010000,478.500000,7.283969,04:40
87,7.181803,7.247275,0.773000,0.013000,440.750000,7.247273,04:45
88,7.145920,7.231843,0.765000,0.005000,476.000000,7.231844,04:31
89,7.107521,7.253523,0.769000,0.011000,499.000000,7.253523,04:32
90,7.075345,7.197328,0.765000,0.007000,499.500000,7.197328,04:45
91,7.033945,7.189578,0.769000,0.014000,448.250000,7.189578,04:44
92,7.151886,7.238894,0.777000,0.008000,447.250000,7.238893,04:41
93,7.082906,7.294728,0.762000,0.010000,407.750000,7.294728,04:42
94,7.107465,7.123877,0.760000,0.017000,479.750000,7.123877,04:45
95,7.063843,7.159125,0.765000,0.016000,457.250000,7.159123,04:45
96,7.108183,7.149454,0.770000,0.008000,442.750000,7.149454,04:30
97,7.065901,7.132571,0.780000,0.013000,442.250000,7.132570,04:27
98,7.086716,7.086372,0.781000,0.015000,434.750000,7.086372,04:30
99,7.008718,7.121657,0.765000,0.012000,442.750000,7.121658,04:45
100,7.050166,7.167062,0.779000,0.013000,408.500000,7.167060,04:45
101,6.999914,7.110508,0.769000,0.016000,409.250000,7.110507,04:45
102,7.037196,7.065104,0.778000,0.013000,427.500000,7.065104,04:30
103,7.018029,7.129835,0.752000,0.014000,451.000000,7.129834,04:30
104,7.010445,7.107466,0.768000,0.012000,459.250000,7.107466,04:40
105,6.955342,7.059289,0.770000,0.018000,521.000000,7.059289,04:40
106,6.898390,7.110080,0.760000,0.006000,541.250000,7.110080,04:38
107,6.896617,7.122395,0.766000,0.021000,506.000000,7.122395,04:39
108,7.041392,7.022897,0.764000,0.009000,530.750000,7.022897,04:38
109,6.909771,7.050733,0.773000,0.015000,543.000000,7.050734,04:35
110,6.970789,6.988001,0.779000,0.017000,494.000000,6.988000,04:29
111,7.078745,7.119954,0.763000,0.013000,485.000000,7.119955,04:29
112,6.986868,7.053133,0.764000,0.018000,500.000000,7.053132,04:30
113,6.961425,7.062588,0.768000,0.019000,466.000000,7.062588,04:29
114,6.925451,7.094462,0.773000,0.010000,476.250000,7.094461,04:29
115,6.909436,7.146536,0.762000,0.014000,472.500000,7.146537,04:30
116,6.880484,7.049105,0.770000,0.015000,433.250000,7.049104,04:34
117,6.930860,7.071098,0.757000,0.017000,444.000000,7.071098,04:39
118,6.820182,7.110179,0.763000,0.012000,523.250000,7.110180,04:37
119,6.953035,6.963007,0.766000,0.030000,481.500000,6.963005,04:39
120,6.885809,7.036367,0.760000,0.014000,491.500000,7.036368,04:39
121,6.947986,6.947133,0.778000,0.018000,477.750000,6.947132,04:32
122,6.918746,6.999331,0.762000,0.015000,480.500000,6.999330,04:26
123,6.889489,6.985003,0.775000,0.024000,526.000000,6.985003,04:29
124,6.854790,6.938088,0.776000,0.014000,493.750000,6.938088,04:28
125,6.913384,6.983122,0.769000,0.017000,510.250000,6.983121,04:27
126,6.871823,6.986185,0.772000,0.017000,497.250000,6.986186,04:28
127,6.918505,6.983828,0.764000,0.021000,481.000000,6.983828,04:34
128,6.729586,6.985651,0.773000,0.023000,478.750000,6.985651,04:47
129,6.836720,6.973722,0.768000,0.015000,497.250000,6.973722,04:47
130,6.790989,6.995498,0.763000,0.018000,527.250000,6.995497,04:55
131,6.938893,6.948646,0.763000,0.028000,472.250000,6.948645,04:40
132,6.844292,6.912377,0.757000,0.024000,473.000000,6.912376,04:45
133,6.842428,6.943539,0.778000,0.023000,473.750000,6.943539,04:52
134,6.813390,6.967888,0.771000,0.019000,472.000000,6.967888,04:44
135,6.830756,6.932814,0.759000,0.018000,506.250000,6.932814,04:38
136,6.742096,6.930699,0.755000,0.029000,498.000000,6.930699,04:33
137,6.820731,6.830379,0.756000,0.018000,487.750000,6.830378,04:40
138,6.714640,6.974002,0.753000,0.012000,485.000000,6.974001,04:40
139,6.852444,6.870633,0.760000,0.019000,468.500000,6.870634,04:52
140,6.731638,6.904561,0.761000,0.019000,470.500000,6.904562,04:52
141,6.787835,6.939667,0.771000,0.016000,492.000000,6.939667,04:48
142,6.807354,6.900956,0.776000,0.020000,459.000000,6.900957,04:45
143,6.702865,6.904635,0.766000,0.022000,482.250000,6.904635,04:48
144,6.795380,6.818668,0.760000,0.029000,459.500000,6.818668,04:47
145,6.778704,6.821935,0.754000,0.027000,427.250000,6.821935,04:41
146,6.781410,6.714750,0.766000,0.036000,467.500000,6.714749,04:36
147,6.756237,6.836568,0.759000,0.027000,429.250000,6.836569,04:37
148,6.787806,6.778812,0.765000,0.037000,433.000000,6.778812,04:36
149,6.705925,6.768972,0.760000,0.027000,430.250000,6.768972,04:30
150,6.701898,6.805485,0.768000,0.025000,495.500000,6.805485,04:27
151,6.656857,6.838158,0.766000,0.028000,462.500000,6.838158,04:29
152,6.628454,6.791873,0.746000,0.031000,510.000000,6.791872,04:33
153,6.769878,6.911685,0.751000,0.020000,508.000000,6.911685,04:42
154,6.714432,6.779456,0.768000,0.026000,500.750000,6.779456,04:42
155,6.628234,6.826957,0.768000,0.029000,517.750000,6.826956,04:53
156,6.697155,6.790221,0.745000,0.028000,516.000000,6.790220,04:46
157,6.666636,6.866444,0.756000,0.023000,490.750000,6.866443,04:45
158,6.682965,6.729860,0.771000,0.027000,472.250000,6.729861,04:40
159,6.705241,6.802181,0.752000,0.020000,483.750000,6.802181,04:39
160,6.780259,6.802435,0.757000,0.019000,468.750000,6.802434,04:38
161,6.744607,6.827244,0.771000,0.026000,486.250000,6.827244,04:41
162,6.697413,6.786784,0.760000,0.032000,483.500000,6.786783,04:43
163,6.623116,6.777259,0.753000,0.027000,465.500000,6.777261,04:31
164,6.584601,6.754511,0.774000,0.033000,493.000000,6.754510,04:29
165,6.651922,6.817381,0.763000,0.034000,508.250000,6.817382,04:31
166,6.651945,6.813738,0.753000,0.035000,457.000000,6.813739,04:32
167,6.561369,6.822310,0.763000,0.039000,463.500000,6.822310,04:31
168,6.523970,6.724324,0.755000,0.041000,463.750000,6.724323,04:33
169,6.637527,6.731052,0.753000,0.028000,471.500000,6.731052,04:45
170,6.567426,6.761323,0.760000,0.030000,469.000000,6.761323,04:44
171,6.533019,6.739397,0.760000,0.030000,492.750000,6.739397,04:49
172,6.649297,6.830293,0.749000,0.025000,490.000000,6.830294,04:45
173,6.516325,6.737748,0.750000,0.029000,480.750000,6.737749,04:38
174,6.597683,6.708746,0.742000,0.026000,516.750000,6.708746,04:39
175,6.688954,6.689937,0.749000,0.038000,482.250000,6.689938,04:34
176,6.563984,6.739417,0.754000,0.030000,503.750000,6.739417,04:31
177,6.593568,6.694558,0.762000,0.038000,468.500000,6.694559,04:29
178,6.568729,6.725322,0.776000,0.038000,488.000000,6.725322,04:31
179,6.616587,6.723614,0.766000,0.034000,507.500000,6.723616,04:31
180,6.547797,6.649623,0.749000,0.040000,476.500000,6.649623,04:29
181,6.615165,6.724376,0.768000,0.036000,495.250000,6.724377,04:32
182,6.613674,6.707165,0.758000,0.036000,496.500000,6.707165,04:34
183,6.529324,6.685514,0.748000,0.030000,455.000000,6.685514,04:35
184,6.557766,6.762478,0.759000,0.038000,493.750000,6.762478,04:35
185,6.580713,6.619842,0.751000,0.034000,463.750000,6.619841,04:39
186,6.558467,6.729012,0.772000,0.040000,466.750000,6.729013,04:38
187,6.505772,6.723458,0.761000,0.049000,476.250000,6.723458,04:39
188,6.563503,6.704922,0.744000,0.037000,492.250000,6.704922,04:39
189,6.566564,6.630877,0.756000,0.037000,482.750000,6.630877,04:40
190,6.554801,6.599362,0.765000,0.052000,488.000000,6.599365,04:41
191,6.428040,6.804455,0.756000,0.024000,489.500000,6.804455,04:31
192,6.531748,6.711636,0.753000,0.033000,473.000000,6.711634,04:34
193,6.534251,6.632098,0.772000,0.031000,501.500000,6.632098,04:33
194,6.524301,6.606349,0.771000,0.039000,519.000000,6.606349,04:31
195,6.500888,6.604085,0.768000,0.037000,491.750000,6.604086,04:33
196,6.494901,6.589496,0.752000,0.035000,498.000000,6.589497,04:32
197,6.502409,6.529920,0.754000,0.037000,496.250000,6.529920,04:39
198,6.355110,6.701015,0.770000,0.038000,508.500000,6.701016,04:49
199,6.431128,6.662760,0.750000,0.039000,493.250000,6.662760,04:43
200,6.495032,6.622617,0.749000,0.031000,498.000000,6.622617,04:36
201,6.532240,6.607862,0.753000,0.042000,517.500000,6.607862,04:38
202,6.463520,6.512096,0.762000,0.052000,521.000000,6.512096,04:38
203,6.528024,6.558110,0.767000,0.049000,507.750000,6.558110,04:37
204,6.448613,6.587518,0.748000,0.035000,495.500000,6.587518,04:53
205,6.504845,6.669692,0.754000,0.041000,493.750000,6.669692,04:51
206,6.585000,6.631995,0.757000,0.038000,503.750000,6.631996,04:50
207,6.480711,6.615633,0.767000,0.043000,498.000000,6.615634,04:48
208,6.496736,6.485378,0.757000,0.043000,507.500000,6.485378,04:47
209,6.398151,6.545450,0.755000,0.045000,507.500000,6.545450,04:38
210,6.454972,6.447665,0.768000,0.055000,484.250000,6.447664,04:33
211,6.370961,6.585848,0.759000,0.048000,490.500000,6.585850,04:44
212,6.459672,6.494695,0.746000,0.038000,478.000000,6.494694,04:56
213,6.480798,6.464901,0.757000,0.046000,499.000000,6.464900,04:51
214,6.341157,6.576972,0.766000,0.046000,488.000000,6.576971,04:51
215,6.528918,6.569466,0.758000,0.046000,466.500000,6.569466,04:50
216,6.441961,6.502932,0.749000,0.052000,474.500000,6.502932,04:48
217,6.348145,6.497607,0.759000,0.057000,487.000000,6.497607,04:41
218,6.375850,6.532226,0.746000,0.049000,483.250000,6.532225,04:35
219,6.403930,6.519784,0.755000,0.052000,479.500000,6.519783,04:36
220,6.398435,6.510561,0.751000,0.047000,486.500000,6.510561,04:37
221,6.402856,6.518094,0.765000,0.044000,531.250000,6.518094,04:39
222,6.394503,6.532870,0.761000,0.044000,500.750000,6.532871,04:34
223,6.360949,6.514708,0.750000,0.055000,497.500000,6.514709,04:43
224,6.387744,6.575891,0.752000,0.037000,481.750000,6.575890,04:38
225,6.396301,6.550528,0.764000,0.044000,517.250000,6.550529,04:30
226,6.401909,6.435375,0.764000,0.053000,506.750000,6.435375,04:30
227,6.371100,6.452794,0.766000,0.059000,524.500000,6.452794,04:34
228,6.351727,6.463733,0.755000,0.049000,491.250000,6.463732,04:33
229,6.364618,6.484829,0.761000,0.049000,503.750000,6.484829,04:41
230,6.363917,6.522283,0.783000,0.045000,505.250000,6.522284,04:34
231,6.301117,6.523149,0.735000,0.047000,489.500000,6.523148,04:36
232,6.480898,6.496565,0.766000,0.049000,476.500000,6.496565,04:38
233,6.303298,6.530147,0.753000,0.043000,475.000000,6.530147,04:41
234,6.351872,6.511422,0.738000,0.051000,492.000000,6.511423,04:38
235,6.344348,6.450787,0.757000,0.048000,531.750000,6.450786,04:38
236,6.388704,6.526017,0.762000,0.053000,515.000000,6.526017,04:36
237,6.394736,6.463246,0.762000,0.055000,524.750000,6.463245,04:36
238,6.273753,6.454063,0.756000,0.047000,529.750000,6.454065,04:59
239,6.375857,6.422483,0.769000,0.050000,525.250000,6.422483,04:40
240,6.339374,6.378009,0.750000,0.046000,507.500000,6.378009,04:44
241,6.293859,6.358641,0.760000,0.061000,506.500000,6.358641,04:43
242,6.359615,6.436723,0.747000,0.058000,496.000000,6.436724,04:40
243,6.269862,6.392013,0.754000,0.053000,516.500000,6.392012,04:37
244,6.301818,6.448770,0.744000,0.047000,525.750000,6.448769,04:44
245,6.209547,6.477392,0.762000,0.054000,519.500000,6.477392,04:44
246,6.338240,6.498718,0.751000,0.054000,529.500000,6.498719,04:44
247,6.361839,6.497993,0.756000,0.052000,520.750000,6.497993,04:42
248,6.279968,6.416619,0.742000,0.060000,524.000000,6.416618,04:41
249,6.307308,6.525672,0.754000,0.055000,533.750000,6.525671,04:42
250,6.258801,6.414757,0.744000,0.059000,535.750000,6.414757,04:36
251,6.304656,6.463956,0.745000,0.051000,518.250000,6.463956,04:32
252,6.283323,6.347963,0.760000,0.056000,518.250000,6.347963,04:30
253,6.250575,6.406630,0.760000,0.055000,536.750000,6.406629,04:32
254,6.241273,6.319076,0.762000,0.061000,526.500000,6.319076,04:34
255,6.243436,6.457142,0.762000,0.056000,539.500000,6.457141,04:32
256,6.261661,6.465726,0.741000,0.061000,538.750000,6.465726,04:36
257,6.211912,6.407575,0.746000,0.051000,530.000000,6.407576,04:40
258,6.201748,6.447407,0.748000,0.049000,515.500000,6.447406,04:40
259,6.281465,6.553735,0.745000,0.047000,501.250000,6.553736,04:36
260,6.235224,6.374625,0.753000,0.071000,495.250000,6.374626,04:57
261,6.289787,6.390196,0.769000,0.068000,502.000000,6.390196,04:37
262,6.209098,6.397140,0.768000,0.049000,496.250000,6.397140,04:43
263,6.350676,6.389633,0.743000,0.070000,511.750000,6.389633,04:35
264,6.361687,6.406532,0.761000,0.065000,531.500000,6.406532,04:44
265,6.195429,6.282057,0.748000,0.059000,515.000000,6.282057,04:38
266,6.175705,6.345965,0.751000,0.062000,535.250000,6.345966,05:02
267,6.297840,6.395018,0.757000,0.060000,526.250000,6.395017,04:42
268,6.233834,6.392441,0.763000,0.075000,520.250000,6.392440,05:00
269,6.178417,6.268953,0.761000,0.065000,517.000000,6.268954,04:49
270,6.229392,6.279645,0.766000,0.075000,529.250000,6.279646,04:38
271,6.259109,6.404143,0.752000,0.051000,522.750000,6.404142,04:39
272,6.101668,6.374172,0.766000,0.065000,521.250000,6.374171,04:44
273,6.206918,6.316120,0.761000,0.070000,523.500000,6.316120,04:40
274,6.163666,6.439300,0.755000,0.055000,517.250000,6.439299,04:39
275,6.132830,6.366061,0.766000,0.059000,529.250000,6.366062,04:38
276,6.275335,6.408692,0.755000,0.070000,526.000000,6.408691,04:37
277,6.239698,6.399448,0.749000,0.061000,539.250000,6.399447,04:38
278,6.146102,6.294051,0.753000,0.066000,538.250000,6.294051,04:53
279,6.208542,6.397338,0.749000,0.060000,532.000000,6.397338,04:43
280,6.225569,6.359525,0.747000,0.063000,546.750000,6.359525,04:43
281,6.203074,6.330126,0.755000,0.061000,539.750000,6.330125,04:36
282,6.097723,6.276212,0.753000,0.068000,514.750000,6.276213,04:39
283,6.270580,6.310764,0.749000,0.070000,533.000000,6.310765,04:30
284,6.218575,6.413480,0.763000,0.057000,533.750000,6.413480,04:06
285,6.137095,6.364607,0.763000,0.065000,535.000000,6.364609,04:16
286,6.171246,6.364039,0.753000,0.059000,519.250000,6.364039,04:10
287,6.148917,6.295590,0.759000,0.075000,541.750000,6.295590,04:08
288,6.234224,6.337027,0.747000,0.066000,551.250000,6.337025,04:25
289,6.201276,6.454437,0.764000,0.068000,541.250000,6.454437,04:08
290,6.223858,6.303246,0.760000,0.055000,537.250000,6.303247,04:09
291,6.178616,6.325010,0.773000,0.076000,519.500000,6.325010,04:22
292,6.128288,6.312385,0.746000,0.066000,534.500000,6.312384,04:24
293,6.193130,6.292354,0.746000,0.068000,524.750000,6.292355,04:10
294,6.106605,6.353352,0.749000,0.065000,546.750000,6.353351,04:09
295,6.118202,6.377571,0.753000,0.065000,547.250000,6.377570,04:22
296,6.110055,6.371422,0.747000,0.058000,542.500000,6.371421,04:09
297,6.292012,6.386189,0.744000,0.058000,554.250000,6.386189,04:11
298,6.056888,6.283006,0.766000,0.078000,548.750000,6.283006,04:12
299,6.139860,6.329281,0.744000,0.063000,553.000000,6.329280,04:14
300,6.147377,6.242033,0.751000,0.079000,546.250000,6.242033,04:13
301,6.251343,6.305127,0.754000,0.072000,557.500000,6.305128,04:07
302,6.009097,6.234246,0.747000,0.071000,542.000000,6.234246,04:06
303,6.215161,6.317143,0.761000,0.055000,544.250000,6.317142,04:08
304,6.100417,6.255537,0.738000,0.081000,561.750000,6.255536,04:15
305,6.218012,6.214638,0.758000,0.073000,554.500000,6.214639,04:08
306,6.162782,6.336690,0.760000,0.071000,545.000000,6.336689,04:07
307,6.119685,6.251317,0.748000,0.076000,555.500000,6.251317,04:08
308,6.049343,6.138794,0.749000,0.099000,556.000000,6.138793,04:18
309,6.149518,6.227563,0.761000,0.066000,561.000000,6.227561,04:08
310,6.107157,6.249779,0.761000,0.085000,555.750000,6.249779,04:07
311,6.154559,6.281724,0.739000,0.077000,551.250000,6.281723,04:08
312,6.114755,6.426725,0.755000,0.062000,548.000000,6.426726,04:09
313,6.062401,6.228508,0.741000,0.073000,543.750000,6.228508,04:08
314,6.174775,6.306427,0.749000,0.074000,546.750000,6.306427,04:08
315,6.131645,6.267899,0.743000,0.072000,564.750000,6.267899,04:09
316,6.068799,6.249176,0.751000,0.073000,549.750000,6.249177,04:09
317,6.082040,6.269477,0.749000,0.068000,539.250000,6.269477,04:05
318,6.037061,6.221869,0.722000,0.074000,525.500000,6.221869,04:06
319,6.136122,6.190906,0.758000,0.081000,552.000000,6.190907,04:09
320,6.068028,6.262211,0.763000,0.077000,526.750000,6.262210,04:06
321,6.148345,6.232157,0.754000,0.063000,533.000000,6.232158,04:07
322,6.164186,6.157271,0.757000,0.080000,536.500000,6.157272,04:09
323,6.022073,6.209912,0.744000,0.080000,552.500000,6.209912,04:09
324,6.051247,6.185848,0.757000,0.086000,547.500000,6.185848,04:09
325,6.066576,6.289780,0.752000,0.068000,546.500000,6.289780,04:07
326,6.056043,6.236042,0.748000,0.077000,551.250000,6.236042,04:08
327,6.044566,6.156762,0.747000,0.077000,545.000000,6.156764,04:08
328,6.007720,6.217160,0.751000,0.089000,563.250000,6.217160,04:07
329,5.991555,6.274408,0.742000,0.068000,562.500000,6.274407,04:07
330,6.093083,6.222896,0.759000,0.087000,555.000000,6.222895,04:07
331,6.007014,6.198561,0.752000,0.079000,557.500000,6.198561,04:08
332,5.989937,6.232319,0.748000,0.068000,568.250000,6.232320,04:08
333,6.129237,6.213263,0.766000,0.090000,575.000000,6.213263,04:18
334,6.031263,6.151622,0.758000,0.072000,569.750000,6.151622,04:18
335,6.064487,6.224046,0.753000,0.072000,557.000000,6.224047,04:06
336,6.069530,6.265350,0.746000,0.079000,574.250000,6.265350,04:09
337,6.043435,6.244244,0.761000,0.067000,573.500000,6.244245,04:08
338,6.042517,6.125859,0.756000,0.090000,551.750000,6.125860,04:07
339,5.996788,6.210790,0.736000,0.074000,569.750000,6.210789,04:07
340,6.014083,6.123393,0.742000,0.083000,576.750000,6.123394,04:06
341,6.015194,6.168003,0.753000,0.083000,579.250000,6.168003,04:08
342,6.079445,6.153075,0.755000,0.075000,564.500000,6.153074,04:06
343,6.007448,6.165076,0.749000,0.086000,584.500000,6.165075,04:16
344,6.063553,6.263163,0.749000,0.083000,564.000000,6.263164,04:11
345,5.984140,6.186640,0.758000,0.080000,568.250000,6.186641,04:06
346,5.956952,6.072461,0.765000,0.085000,571.500000,6.072461,04:08
347,6.019419,6.163795,0.739000,0.087000,587.750000,6.163795,04:06
348,6.020132,6.268754,0.741000,0.075000,562.750000,6.268755,04:08
349,6.057144,6.118007,0.750000,0.081000,573.500000,6.118007,04:07
350,5.929200,6.185266,0.758000,0.084000,565.750000,6.185266,04:05
351,5.997028,6.215221,0.761000,0.082000,561.500000,6.215220,04:06
352,6.062926,6.163716,0.750000,0.092000,562.000000,6.163717,04:08
353,5.990748,6.177271,0.755000,0.077000,576.250000,6.177272,04:07
354,6.002642,6.202027,0.756000,0.081000,572.500000,6.202026,04:07
355,6.000727,6.214320,0.748000,0.088000,571.750000,6.214319,04:19
356,6.082742,6.174905,0.746000,0.077000,557.250000,6.174904,04:08
357,5.998939,6.141497,0.755000,0.080000,562.000000,6.141496,04:07
358,5.960779,6.089115,0.742000,0.095000,558.250000,6.089115,04:08
359,5.946284,6.155184,0.759000,0.092000,570.750000,6.155183,04:06
360,5.989609,6.164350,0.753000,0.095000,579.750000,6.164350,04:07
361,6.018826,6.107734,0.757000,0.080000,562.750000,6.107733,04:09
362,6.010497,6.074259,0.735000,0.093000,564.250000,6.074259,04:07
363,6.046766,6.113374,0.738000,0.079000,564.750000,6.113374,04:06
364,5.904816,6.192502,0.747000,0.079000,574.250000,6.192502,04:09
365,6.142648,6.132734,0.755000,0.092000,580.250000,6.132734,04:05
366,5.972026,6.175040,0.761000,0.092000,596.000000,6.175041,04:07
367,5.929335,6.247193,0.733000,0.080000,569.250000,6.247193,04:07
368,5.912457,6.137052,0.737000,0.081000,583.250000,6.137052,04:08
369,6.100422,6.028292,0.755000,0.106000,585.750000,6.028293,04:07
370,5.917233,6.138697,0.754000,0.089000,581.000000,6.138697,04:07
371,6.061027,6.147378,0.766000,0.089000,579.000000,6.147378,04:09
372,6.011863,6.125319,0.761000,0.089000,587.500000,6.125319,04:27
373,6.002703,6.172595,0.753000,0.092000,583.500000,6.172596,04:19
374,5.964184,6.092094,0.771000,0.094000,589.750000,6.092093,04:10
375,5.974490,6.068212,0.764000,0.091000,600.750000,6.068212,04:25
376,5.972874,6.130579,0.745000,0.081000,613.250000,6.130579,04:24
377,6.011305,6.072299,0.758000,0.089000,602.250000,6.072299,04:11
378,5.969055,6.097878,0.764000,0.103000,607.250000,6.097877,04:09
379,6.004154,6.136123,0.751000,0.088000,590.750000,6.136123,04:06
380,5.937874,6.101679,0.764000,0.090000,596.500000,6.101680,04:07
381,5.991658,6.017023,0.750000,0.113000,614.750000,6.017023,04:08
382,5.935835,6.046521,0.736000,0.102000,615.500000,6.046521,04:06
383,5.885215,6.178971,0.737000,0.084000,623.000000,6.178972,04:05
384,5.945000,6.045177,0.739000,0.087000,615.000000,6.045177,04:11
385,5.993638,6.127351,0.760000,0.092000,605.750000,6.127350,04:10
386,5.943982,6.136547,0.730000,0.079000,604.000000,6.136547,04:11
387,6.033702,6.141200,0.761000,0.086000,622.000000,6.141201,04:09
388,5.997166,6.087675,0.744000,0.098000,603.250000,6.087675,04:12
389,5.898320,6.076450,0.760000,0.092000,611.250000,6.076451,04:22
390,5.957546,6.024242,0.741000,0.096000,607.250000,6.024241,04:08
391,5.984332,6.093360,0.761000,0.099000,619.000000,6.093361,04:09
392,5.982972,6.072876,0.756000,0.110000,610.500000,6.072875,04:17
393,5.984093,6.090577,0.752000,0.097000,616.750000,6.090577,04:08
394,5.842665,6.106358,0.757000,0.089000,598.500000,6.106358,04:07
395,5.961390,6.105858,0.742000,0.094000,594.250000,6.105858,04:09
396,6.049758,6.178585,0.755000,0.097000,595.500000,6.178585,04:09
397,5.796008,6.166828,0.753000,0.072000,625.000000,6.166828,04:08
398,5.894042,6.031465,0.750000,0.094000,618.500000,6.031465,04:23
399,5.952802,5.987588,0.750000,0.089000,615.750000,5.987588,04:26
400,5.996392,6.153863,0.756000,0.093000,605.500000,6.153863,04:08
401,5.978251,6.109749,0.740000,0.094000,600.250000,6.109749,04:11
402,5.934731,6.038774,0.753000,0.100000,596.500000,6.038775,04:12
403,5.965912,6.045467,0.758000,0.100000,607.000000,6.045466,04:18
404,5.892713,6.026294,0.747000,0.099000,584.500000,6.026294,04:08
405,6.028229,6.039412,0.756000,0.100000,596.250000,6.039412,04:20
406,5.952348,6.175762,0.758000,0.078000,614.750000,6.175763,04:07
407,5.789643,6.055026,0.756000,0.105000,618.500000,6.055027,04:08
408,5.914327,6.017119,0.741000,0.102000,609.500000,6.017118,04:22
409,5.813190,5.988159,0.747000,0.108000,623.000000,5.988160,04:19
410,5.829914,6.028135,0.741000,0.100000,606.250000,6.028136,04:18
411,5.959988,6.005654,0.736000,0.095000,602.750000,6.005652,04:18
412,5.842233,6.044863,0.748000,0.095000,606.500000,6.044863,04:18
413,5.877955,6.032423,0.752000,0.101000,589.000000,6.032423,04:16
414,5.939412,6.064920,0.751000,0.099000,620.250000,6.064920,04:19
415,5.888615,6.134375,0.741000,0.088000,615.750000,6.134376,04:08
416,5.955372,6.020111,0.761000,0.096000,606.250000,6.020111,04:09
417,5.924191,6.011948,0.747000,0.089000,592.500000,6.011948,04:09
418,5.839714,6.118263,0.759000,0.087000,607.750000,6.118262,04:08
419,5.960297,6.022332,0.745000,0.093000,611.500000,6.022331,04:33
420,5.870302,6.003624,0.745000,0.104000,621.250000,6.003623,04:41
421,5.895212,6.025277,0.753000,0.103000,597.500000,6.025277,04:40
422,5.849333,5.935410,0.745000,0.114000,607.250000,5.935410,04:37
423,5.957214,6.084860,0.764000,0.096000,610.500000,6.084860,04:21
424,5.821470,6.057153,0.749000,0.104000,604.000000,6.057154,04:18
425,5.814698,6.013294,0.755000,0.110000,603.500000,6.013294,04:40
426,5.907163,5.986220,0.757000,0.105000,618.750000,5.986220,04:40
427,5.979589,6.058425,0.757000,0.094000,609.250000,6.058425,04:31
428,5.819255,6.028452,0.756000,0.102000,614.750000,6.028452,04:32
429,5.903961,5.945864,0.745000,0.104000,626.750000,5.945864,04:31
430,5.835609,6.048203,0.757000,0.111000,634.000000,6.048203,04:29
431,5.860447,6.034744,0.735000,0.093000,608.750000,6.034745,04:29
432,5.918663,6.071207,0.751000,0.098000,610.500000,6.071207,04:29
433,5.883416,5.949959,0.755000,0.105000,609.000000,5.949959,04:32
434,5.948953,6.065150,0.755000,0.083000,620.250000,6.065150,04:28
435,5.905910,6.014430,0.753000,0.109000,600.250000,6.014429,04:29
436,5.940819,6.070101,0.748000,0.101000,591.000000,6.070102,04:30
437,5.882570,5.982616,0.757000,0.103000,593.750000,5.982616,04:29
438,5.811149,6.011997,0.752000,0.100000,614.250000,6.011998,04:31
439,5.766888,6.066486,0.739000,0.096000,601.000000,6.066487,04:28
440,5.864369,6.048195,0.739000,0.101000,599.000000,6.048195,04:28
441,5.870724,6.019936,0.761000,0.110000,600.250000,6.019936,04:27
442,5.868610,5.988748,0.752000,0.102000,595.750000,5.988748,04:28
443,5.844810,6.068228,0.739000,0.100000,604.750000,6.068229,04:39
444,5.835395,5.992017,0.733000,0.099000,612.500000,5.992018,04:27
445,5.796327,5.945630,0.742000,0.116000,592.750000,5.945630,04:28
446,5.996284,6.011045,0.740000,0.108000,590.500000,6.011047,04:29
447,5.898771,6.028190,0.742000,0.105000,598.750000,6.028191,04:29
448,5.967556,5.936699,0.755000,0.124000,600.750000,5.936699,04:30
449,5.845080,5.938597,0.753000,0.111000,589.000000,5.938597,04:37
450,5.774772,6.050289,0.739000,0.122000,592.750000,6.050289,04:30
451,5.844650,6.007074,0.745000,0.100000,602.750000,6.007074,04:31
452,5.841714,5.927302,0.745000,0.107000,596.750000,5.927302,04:29
453,5.832111,5.947934,0.747000,0.114000,602.250000,5.947934,04:28
454,5.920518,6.003010,0.734000,0.106000,615.750000,6.003011,04:29
455,5.741290,6.019631,0.761000,0.124000,592.000000,6.019631,04:24
456,5.810732,5.999459,0.751000,0.113000,591.250000,5.999459,04:24
457,5.854725,5.865129,0.753000,0.109000,583.750000,5.865129,04:23
458,5.659960,5.861677,0.762000,0.115000,611.250000,5.861677,04:24
459,5.942529,5.922285,0.737000,0.118000,600.500000,5.922286,04:29
460,5.796737,5.890565,0.745000,0.112000,591.750000,5.890564,04:23
461,5.775295,6.008092,0.744000,0.100000,607.500000,6.008091,04:32
462,5.760341,6.029704,0.767000,0.121000,594.250000,6.029704,04:32
463,5.904828,6.038040,0.747000,0.109000,618.000000,6.038042,04:31
464,5.694830,5.904802,0.747000,0.120000,594.250000,5.904802,04:34
465,5.841430,5.977701,0.751000,0.096000,606.250000,5.977702,04:33
466,5.804454,5.992386,0.749000,0.112000,606.000000,5.992388,04:33
467,5.705772,5.910915,0.745000,0.102000,598.500000,5.910914,04:56
468,5.844929,6.059466,0.728000,0.110000,604.000000,6.059467,04:51
469,5.826539,5.970667,0.755000,0.109000,595.500000,5.970667,04:37
470,5.930690,5.919333,0.762000,0.114000,596.000000,5.919333,04:39
471,5.736152,5.999702,0.736000,0.101000,605.500000,5.999703,04:36
472,5.684064,5.913385,0.755000,0.118000,616.250000,5.913385,04:33
473,5.804677,5.951898,0.748000,0.116000,593.000000,5.951898,04:31
474,5.812357,6.006710,0.749000,0.103000,599.750000,6.006710,04:32
475,5.806309,5.960706,0.740000,0.113000,609.500000,5.960706,04:31
476,5.887895,5.974985,0.750000,0.101000,615.750000,5.974986,04:35
477,5.839599,5.900248,0.751000,0.113000,603.750000,5.900246,04:34
478,5.876054,5.981440,0.763000,0.098000,582.250000,5.981440,04:32
479,5.724432,5.899069,0.735000,0.107000,594.250000,5.899070,04:29
480,5.795233,5.958128,0.756000,0.113000,594.750000,5.958128,04:32
481,5.870809,5.887187,0.740000,0.120000,593.500000,5.887187,04:33
482,5.775932,6.075705,0.742000,0.108000,611.250000,6.075705,04:35
483,5.869770,5.902913,0.756000,0.105000,599.000000,5.902912,04:34
484,5.844105,5.985441,0.743000,0.099000,595.250000,5.985440,04:33
485,5.868310,5.928100,0.752000,0.117000,595.000000,5.928100,04:35
486,5.773868,5.974466,0.759000,0.109000,597.250000,5.974467,04:33
487,5.725400,5.977162,0.747000,0.108000,598.000000,5.977161,04:33
488,5.792850,5.912925,0.754000,0.120000,605.250000,5.912925,04:37
489,5.860507,5.987360,0.764000,0.100000,605.250000,5.987359,04:41
490,5.805843,6.027372,0.755000,0.109000,619.500000,6.027372,04:42
491,5.753924,6.015445,0.754000,0.102000,612.000000,6.015445,04:57
492,5.767174,5.939496,0.745000,0.122000,618.250000,5.939496,04:30
493,5.747048,5.961924,0.753000,0.113000,608.750000,5.961923,04:31
494,5.780822,5.965762,0.738000,0.106000,607.000000,5.965762,04:33
495,5.744721,5.977596,0.751000,0.098000,613.750000,5.977597,04:33
496,5.776252,5.931234,0.748000,0.118000,604.000000,5.931232,04:32
497,5.757316,5.938679,0.746000,0.113000,625.500000,5.938679,04:24
498,5.763510,5.939846,0.752000,0.109000,627.500000,5.939846,04:07
499,5.795343,5.894305,0.750000,0.107000,625.000000,5.894304,04:08
